"fileID","band","rad_avg"
"G:/Shared drives/Leaf_cabinet_data/leaf_2020_cabinet_200828_105549_ID810/leaf_2020_1000ms_80/leaf_2020_1000ms_80_000000/500.0_leaf_2020_1000ms_80_200828_105549_676.png",500,0
"G:/Shared drives/Leaf_cabinet_data/leaf_2020_cabinet_200828_105549_ID810/leaf_2020_1000ms_80/leaf_2020_1000ms_80_000000/505.1_leaf_2020_1000ms_80_200828_105550_675.png",505.1,0
"G:/Shared drives/Leaf_cabinet_data/leaf_2020_cabinet_200828_105549_ID810/leaf_2020_1000ms_80/leaf_2020_1000ms_80_000000/510.1_leaf_2020_1000ms_80_200828_105552_017.png",510.1,0.00687241884816754
"G:/Shared drives/Leaf_cabinet_data/leaf_2020_cabinet_200828_105549_ID810/leaf_2020_1000ms_80/leaf_2020_1000ms_80_000000/515.2_leaf_2020_1000ms_80_200828_105630_554.png",515.2,0.00678385602094241
"G:/Shared drives/Leaf_cabinet_data/leaf_2020_cabinet_200828_105549_ID810/leaf_2020_1000ms_80/leaf_2020_1000ms_80_000000/520.3_leaf_2020_1000ms_80_200828_105632_962.png",520.3,0.00681143560209424
"G:/Shared drives/Leaf_cabinet_data/leaf_2020_cabinet_200828_105549_ID810/leaf_2020_1000ms_80/leaf_2020_1000ms_80_000000/525.3_leaf_2020_1000ms_80_200828_105636_573.png",525.3,0.00708479162303665
"G:/Shared drives/Leaf_cabinet_data/leaf_2020_cabinet_200828_105549_ID810/leaf_2020_1000ms_80/leaf_2020_1000ms_80_000000/530.4_leaf_2020_1000ms_80_200828_105638_981.png",530.4,0.00685022513089005
"G:/Shared drives/Leaf_cabinet_data/leaf_2020_cabinet_200828_105549_ID810/leaf_2020_1000ms_80/leaf_2020_1000ms_80_000000/535.4_leaf_2020_1000ms_80_200828_105641_389.png",535.4,0.00686461570680628
"G:/Shared drives/Leaf_cabinet_data/leaf_2020_cabinet_200828_105549_ID810/leaf_2020_1000ms_80/leaf_2020_1000ms_80_000000/540.5_leaf_2020_1000ms_80_200828_105645_000.png",540.5,0.00661638743455497
"G:/Shared drives/Leaf_cabinet_data/leaf_2020_cabinet_200828_105549_ID810/leaf_2020_1000ms_80/leaf_2020_1000ms_80_000000/545.6_leaf_2020_1000ms_80_200828_105647_408.png",545.6,0.00661977696335078
"G:/Shared drives/Leaf_cabinet_data/leaf_2020_cabinet_200828_105549_ID810/leaf_2020_1000ms_80/leaf_2020_1000ms_80_000000/550.6_leaf_2020_1000ms_80_200828_105649_816.png",550.6,0.00662060732984293
"G:/Shared drives/Leaf_cabinet_data/leaf_2020_cabinet_200828_105549_ID810/leaf_2020_1000ms_80/leaf_2020_1000ms_80_000000/555.7_leaf_2020_1000ms_80_200828_105653_427.png",555.7,0.00662339790575916
"G:/Shared drives/Leaf_cabinet_data/leaf_2020_cabinet_200828_105549_ID810/leaf_2020_1000ms_80/leaf_2020_1000ms_80_000000/560.8_leaf_2020_1000ms_80_200828_105655_835.png",560.8,0.0066245277486911
"G:/Shared drives/Leaf_cabinet_data/leaf_2020_cabinet_200828_105549_ID810/leaf_2020_1000ms_80/leaf_2020_1000ms_80_000000/565.8_leaf_2020_1000ms_80_200828_105659_447.png",565.8,0.00662511308900523
"G:/Shared drives/Leaf_cabinet_data/leaf_2020_cabinet_200828_105549_ID810/leaf_2020_1000ms_80/leaf_2020_1000ms_80_000000/570.9_leaf_2020_1000ms_80_200828_105701_854.png",570.9,0.00662458219895288
"G:/Shared drives/Leaf_cabinet_data/leaf_2020_cabinet_200828_105549_ID810/leaf_2020_1000ms_80/leaf_2020_1000ms_80_000000/575.9_leaf_2020_1000ms_80_200828_105704_262.png",575.9,0.00662372460732984
"G:/Shared drives/Leaf_cabinet_data/leaf_2020_cabinet_200828_105549_ID810/leaf_2020_1000ms_80/leaf_2020_1000ms_80_000000/581.0_leaf_2020_1000ms_80_200828_105707_873.png",581,0.00662166910994764
"G:/Shared drives/Leaf_cabinet_data/leaf_2020_cabinet_200828_105549_ID810/leaf_2020_1000ms_80/leaf_2020_1000ms_80_000000/586.1_leaf_2020_1000ms_80_200828_105710_281.png",586.1,0.00661950471204188
"G:/Shared drives/Leaf_cabinet_data/leaf_2020_cabinet_200828_105549_ID810/leaf_2020_1000ms_80/leaf_2020_1000ms_80_000000/591.1_leaf_2020_1000ms_80_200828_105712_689.png",591.1,0.00686959162303665
"G:/Shared drives/Leaf_cabinet_data/leaf_2020_cabinet_200828_105549_ID810/leaf_2020_1000ms_80/leaf_2020_1000ms_80_000000/596.2_leaf_2020_1000ms_80_200828_105716_894.png",596.2,0.0071195057591623
"G:/Shared drives/Leaf_cabinet_data/leaf_2020_cabinet_200828_105549_ID810/leaf_2020_1000ms_80/leaf_2020_1000ms_80_000000/601.3_leaf_2020_1000ms_80_200828_105719_302.png",601.3,0.00711676439790576
"G:/Shared drives/Leaf_cabinet_data/leaf_2020_cabinet_200828_105549_ID810/leaf_2020_1000ms_80/leaf_2020_1000ms_80_000000/606.3_leaf_2020_1000ms_80_200828_105611_293.png",606.3,0.00560546178010471
"G:/Shared drives/Leaf_cabinet_data/leaf_2020_cabinet_200828_105549_ID810/leaf_2020_1000ms_80/leaf_2020_1000ms_80_000000/611.4_leaf_2020_1000ms_80_200828_105614_904.png",611.4,0.00560243246073298
"G:/Shared drives/Leaf_cabinet_data/leaf_2020_cabinet_200828_105549_ID810/leaf_2020_1000ms_80/leaf_2020_1000ms_80_000000/616.5_leaf_2020_1000ms_80_200828_105616_108.png",616.5,0.00584987539267016
"G:/Shared drives/Leaf_cabinet_data/leaf_2020_cabinet_200828_105549_ID810/leaf_2020_1000ms_80/leaf_2020_1000ms_80_000000/621.5_leaf_2020_1000ms_80_200828_105617_312.png",621.5,0.00609352460732984
"G:/Shared drives/Leaf_cabinet_data/leaf_2020_cabinet_200828_105549_ID810/leaf_2020_1000ms_80/leaf_2020_1000ms_80_000000/626.6_leaf_2020_1000ms_80_200828_105618_516.png",626.6,0.00657546806282722
"G:/Shared drives/Leaf_cabinet_data/leaf_2020_cabinet_200828_105549_ID810/leaf_2020_1000ms_80/leaf_2020_1000ms_80_000000/631.6_leaf_2020_1000ms_80_200828_105619_720.png",631.6,0.00746214659685864
"G:/Shared drives/Leaf_cabinet_data/leaf_2020_cabinet_200828_105549_ID810/leaf_2020_1000ms_80/leaf_2020_1000ms_80_000000/636.7_leaf_2020_1000ms_80_200828_105620_923.png",636.7,0.00860965183246073
"G:/Shared drives/Leaf_cabinet_data/leaf_2020_cabinet_200828_105549_ID810/leaf_2020_1000ms_80/leaf_2020_1000ms_80_000000/641.8_leaf_2020_1000ms_80_200828_105622_127.png",641.8,0.00850430366492146
"G:/Shared drives/Leaf_cabinet_data/leaf_2020_cabinet_200828_105549_ID810/leaf_2020_1000ms_80/leaf_2020_1000ms_80_000000/646.8_leaf_2020_1000ms_80_200828_105623_331.png",646.8,0.00756396753926702
"G:/Shared drives/Leaf_cabinet_data/leaf_2020_cabinet_200828_105549_ID810/leaf_2020_1000ms_80/leaf_2020_1000ms_80_000000/651.9_leaf_2020_1000ms_80_200828_105624_535.png",651.9,0.00618162303664921
"G:/Shared drives/Leaf_cabinet_data/leaf_2020_cabinet_200828_105549_ID810/leaf_2020_1000ms_80/leaf_2020_1000ms_80_000000/657.0_leaf_2020_1000ms_80_200828_105625_739.png",657,0.00546937277486911
"G:/Shared drives/Leaf_cabinet_data/leaf_2020_cabinet_200828_105549_ID810/leaf_2020_1000ms_80/leaf_2020_1000ms_80_000000/662.0_leaf_2020_1000ms_80_200828_105626_943.png",662,0.00496750785340314
"G:/Shared drives/Leaf_cabinet_data/leaf_2020_cabinet_200828_105549_ID810/leaf_2020_1000ms_80/leaf_2020_1000ms_80_000000/667.1_leaf_2020_1000ms_80_200828_105628_147.png",667.1,0.00495405235602094
"G:/Shared drives/Leaf_cabinet_data/leaf_2020_cabinet_200828_105549_ID810/leaf_2020_1000ms_80/leaf_2020_1000ms_80_000000/672.2_leaf_2020_1000ms_80_200828_105629_350.png",672.2,0.00493330890052356
"G:/Shared drives/Leaf_cabinet_data/leaf_2020_cabinet_200828_105549_ID810/leaf_2020_1000ms_80/leaf_2020_1000ms_80_000000/677.2_leaf_2020_1000ms_80_200828_105631_758.png",677.2,0.00514716596858639
"G:/Shared drives/Leaf_cabinet_data/leaf_2020_cabinet_200828_105549_ID810/leaf_2020_1000ms_80/leaf_2020_1000ms_80_000000/682.3_leaf_2020_1000ms_80_200828_105634_166.png",682.3,0.00509593036649215
"G:/Shared drives/Leaf_cabinet_data/leaf_2020_cabinet_200828_105549_ID810/leaf_2020_1000ms_80/leaf_2020_1000ms_80_000000/687.3_leaf_2020_1000ms_80_200828_105635_370.png",687.3,0.00503077539267016
"G:/Shared drives/Leaf_cabinet_data/leaf_2020_cabinet_200828_105549_ID810/leaf_2020_1000ms_80/leaf_2020_1000ms_80_000000/692.4_leaf_2020_1000ms_80_200828_105637_777.png",692.4,0.00492885392670157
"G:/Shared drives/Leaf_cabinet_data/leaf_2020_cabinet_200828_105549_ID810/leaf_2020_1000ms_80/leaf_2020_1000ms_80_000000/697.5_leaf_2020_1000ms_80_200828_105640_185.png",697.5,0.00477310209424084
"G:/Shared drives/Leaf_cabinet_data/leaf_2020_cabinet_200828_105549_ID810/leaf_2020_1000ms_80/leaf_2020_1000ms_80_000000/702.5_leaf_2020_1000ms_80_200828_105642_593.png",702.5,0.00454697277486911
"G:/Shared drives/Leaf_cabinet_data/leaf_2020_cabinet_200828_105549_ID810/leaf_2020_1000ms_80/leaf_2020_1000ms_80_000000/707.6_leaf_2020_1000ms_80_200828_105643_797.png",707.6,0.00417010523560209
"G:/Shared drives/Leaf_cabinet_data/leaf_2020_cabinet_200828_105549_ID810/leaf_2020_1000ms_80/leaf_2020_1000ms_80_000000/712.7_leaf_2020_1000ms_80_200828_105646_204.png",712.7,0.00366852408376963
"G:/Shared drives/Leaf_cabinet_data/leaf_2020_cabinet_200828_105549_ID810/leaf_2020_1000ms_80/leaf_2020_1000ms_80_000000/717.7_leaf_2020_1000ms_80_200828_105648_612.png",717.7,0.00331794554973822
"G:/Shared drives/Leaf_cabinet_data/leaf_2020_cabinet_200828_105549_ID810/leaf_2020_1000ms_80/leaf_2020_1000ms_80_000000/722.8_leaf_2020_1000ms_80_200828_105651_020.png",722.8,0.00304098534031414
"G:/Shared drives/Leaf_cabinet_data/leaf_2020_cabinet_200828_105549_ID810/leaf_2020_1000ms_80/leaf_2020_1000ms_80_000000/727.8_leaf_2020_1000ms_80_200828_105652_223.png",727.8,0.00271251884816754
"G:/Shared drives/Leaf_cabinet_data/leaf_2020_cabinet_200828_105549_ID810/leaf_2020_1000ms_80/leaf_2020_1000ms_80_000000/732.9_leaf_2020_1000ms_80_200828_105654_631.png",732.9,0.00234511937172775
"G:/Shared drives/Leaf_cabinet_data/leaf_2020_cabinet_200828_105549_ID810/leaf_2020_1000ms_80/leaf_2020_1000ms_80_000000/738.0_leaf_2020_1000ms_80_200828_105657_039.png",738,0.00212255078534031
"G:/Shared drives/Leaf_cabinet_data/leaf_2020_cabinet_200828_105549_ID810/leaf_2020_1000ms_80/leaf_2020_1000ms_80_000000/743.0_leaf_2020_1000ms_80_200828_105658_243.png",743,0.00190121465968586
"G:/Shared drives/Leaf_cabinet_data/leaf_2020_cabinet_200828_105549_ID810/leaf_2020_1000ms_80/leaf_2020_1000ms_80_000000/748.1_leaf_2020_1000ms_80_200828_105700_650.png",748.1,0.00167499476439791
"G:/Shared drives/Leaf_cabinet_data/leaf_2020_cabinet_200828_105549_ID810/leaf_2020_1000ms_80/leaf_2020_1000ms_80_000000/753.2_leaf_2020_1000ms_80_200828_105703_058.png",753.2,0.00151816858638743
"G:/Shared drives/Leaf_cabinet_data/leaf_2020_cabinet_200828_105549_ID810/leaf_2020_1000ms_80/leaf_2020_1000ms_80_000000/758.2_leaf_2020_1000ms_80_200828_105705_466.png",758.2,0.00132536596858639
"G:/Shared drives/Leaf_cabinet_data/leaf_2020_cabinet_200828_105549_ID810/leaf_2020_1000ms_80/leaf_2020_1000ms_80_000000/763.3_leaf_2020_1000ms_80_200828_105706_670.png",763.3,0.00122479162303665
"G:/Shared drives/Leaf_cabinet_data/leaf_2020_cabinet_200828_105549_ID810/leaf_2020_1000ms_80/leaf_2020_1000ms_80_000000/768.4_leaf_2020_1000ms_80_200828_105709_077.png",768.4,0.00114696335078534
"G:/Shared drives/Leaf_cabinet_data/leaf_2020_cabinet_200828_105549_ID810/leaf_2020_1000ms_80/leaf_2020_1000ms_80_000000/773.4_leaf_2020_1000ms_80_200828_105711_485.png",773.4,0.00105821989528796
"G:/Shared drives/Leaf_cabinet_data/leaf_2020_cabinet_200828_105549_ID810/leaf_2020_1000ms_80/leaf_2020_1000ms_80_000000/778.5_leaf_2020_1000ms_80_200828_105713_688.png",778.5,0.000996505235602094
"G:/Shared drives/Leaf_cabinet_data/leaf_2020_cabinet_200828_105549_ID810/leaf_2020_1000ms_80/leaf_2020_1000ms_80_000000/783.5_leaf_2020_1000ms_80_200828_105714_892.png",783.5,0.000976007853403141
"G:/Shared drives/Leaf_cabinet_data/leaf_2020_cabinet_200828_105549_ID810/leaf_2020_1000ms_80/leaf_2020_1000ms_80_000000/788.6_leaf_2020_1000ms_80_200828_105718_098.png",788.6,0.000996112565445026
"G:/Shared drives/Leaf_cabinet_data/leaf_2020_cabinet_200828_105549_ID810/leaf_2020_1000ms_80/leaf_2020_1000ms_80_000000/793.7_leaf_2020_1000ms_80_200828_105720_506.png",793.7,0.00100281413612565
"G:/Shared drives/Leaf_cabinet_data/leaf_2020_cabinet_200828_105549_ID810/leaf_2020_1000ms_80/leaf_2020_1000ms_80_000000/798.7_leaf_2020_1000ms_80_200828_105721_709.png",798.7,0.00105603560209424
"G:/Shared drives/Leaf_cabinet_data/leaf_2020_cabinet_200828_105549_ID810/leaf_2020_1000ms_80/leaf_2020_1000ms_80_000000/803.8_leaf_2020_1000ms_80_200828_105722_913.png",803.8,0.00114691518324607
"G:/Shared drives/Leaf_cabinet_data/leaf_2020_cabinet_200828_105549_ID810/leaf_2020_1000ms_80/leaf_2020_1000ms_80_000000/808.9_leaf_2020_1000ms_80_200828_105724_117.png",808.9,0.00125688429319372
"G:/Shared drives/Leaf_cabinet_data/leaf_2020_cabinet_200828_105549_ID810/leaf_2020_1000ms_80/leaf_2020_1000ms_80_000000/813.9_leaf_2020_1000ms_80_200828_105725_321.png",813.9,0.00147328272251309
"G:/Shared drives/Leaf_cabinet_data/leaf_2020_cabinet_200828_105549_ID810/leaf_2020_1000ms_80/leaf_2020_1000ms_80_000000/819.0_leaf_2020_1000ms_80_200828_105553_235.png",819,0.000453925654450262
"G:/Shared drives/Leaf_cabinet_data/leaf_2020_cabinet_200828_105549_ID810/leaf_2020_1000ms_80/leaf_2020_1000ms_80_000000/824.1_leaf_2020_1000ms_80_200828_105554_439.png",824.1,0.000440598952879581
"G:/Shared drives/Leaf_cabinet_data/leaf_2020_cabinet_200828_105549_ID810/leaf_2020_1000ms_80/leaf_2020_1000ms_80_000000/829.1_leaf_2020_1000ms_80_200828_105555_643.png",829.1,0.000432916230366492
"G:/Shared drives/Leaf_cabinet_data/leaf_2020_cabinet_200828_105549_ID810/leaf_2020_1000ms_80/leaf_2020_1000ms_80_000000/834.2_leaf_2020_1000ms_80_200828_105556_846.png",834.2,0.00042274554973822
"G:/Shared drives/Leaf_cabinet_data/leaf_2020_cabinet_200828_105549_ID810/leaf_2020_1000ms_80/leaf_2020_1000ms_80_000000/839.2_leaf_2020_1000ms_80_200828_105558_050.png",839.2,0.000432905759162304
"G:/Shared drives/Leaf_cabinet_data/leaf_2020_cabinet_200828_105549_ID810/leaf_2020_1000ms_80/leaf_2020_1000ms_80_000000/844.3_leaf_2020_1000ms_80_200828_105559_254.png",844.3,0.000451074345549738
"G:/Shared drives/Leaf_cabinet_data/leaf_2020_cabinet_200828_105549_ID810/leaf_2020_1000ms_80/leaf_2020_1000ms_80_000000/849.4_leaf_2020_1000ms_80_200828_105600_458.png",849.4,0.000484267015706806
"G:/Shared drives/Leaf_cabinet_data/leaf_2020_cabinet_200828_105549_ID810/leaf_2020_1000ms_80/leaf_2020_1000ms_80_000000/854.4_leaf_2020_1000ms_80_200828_105601_662.png",854.4,0.000503330890052356
"G:/Shared drives/Leaf_cabinet_data/leaf_2020_cabinet_200828_105549_ID810/leaf_2020_1000ms_80/leaf_2020_1000ms_80_000000/859.5_leaf_2020_1000ms_80_200828_105602_866.png",859.5,0.000538201047120419
"G:/Shared drives/Leaf_cabinet_data/leaf_2020_cabinet_200828_105549_ID810/leaf_2020_1000ms_80/leaf_2020_1000ms_80_000000/864.6_leaf_2020_1000ms_80_200828_105604_070.png",864.6,0.000583643979057592
"G:/Shared drives/Leaf_cabinet_data/leaf_2020_cabinet_200828_105549_ID810/leaf_2020_1000ms_80/leaf_2020_1000ms_80_000000/869.6_leaf_2020_1000ms_80_200828_105605_273.png",869.6,0.000646696335078534
"G:/Shared drives/Leaf_cabinet_data/leaf_2020_cabinet_200828_105549_ID810/leaf_2020_1000ms_80/leaf_2020_1000ms_80_000000/874.7_leaf_2020_1000ms_80_200828_105606_477.png",874.7,0.000765553926701571
"G:/Shared drives/Leaf_cabinet_data/leaf_2020_cabinet_200828_105549_ID810/leaf_2020_1000ms_80/leaf_2020_1000ms_80_000000/879.7_leaf_2020_1000ms_80_200828_105607_681.png",879.7,0.000906102617801047
"G:/Shared drives/Leaf_cabinet_data/leaf_2020_cabinet_200828_105549_ID810/leaf_2020_1000ms_80/leaf_2020_1000ms_80_000000/884.8_leaf_2020_1000ms_80_200828_105608_885.png",884.8,0.00106811151832461
"G:/Shared drives/Leaf_cabinet_data/leaf_2020_cabinet_200828_105549_ID810/leaf_2020_1000ms_80/leaf_2020_1000ms_80_000000/889.9_leaf_2020_1000ms_80_200828_105610_089.png",889.9,0.00118651413612565
"G:/Shared drives/Leaf_cabinet_data/leaf_2020_cabinet_200828_105549_ID810/leaf_2020_1000ms_80/leaf_2020_1000ms_80_000000/894.9_leaf_2020_1000ms_80_200828_105612_497.png",894.9,0.00136587434554974
"G:/Shared drives/Leaf_cabinet_data/leaf_2020_cabinet_200828_105549_ID810/leaf_2020_1000ms_80/leaf_2020_1000ms_80_000000/900.0_leaf_2020_1000ms_80_200828_105613_700.png",900,0.00158703926701571
"fileID","band","rad_avg"
"G:/Shared drives/Leaf_cabinet_data/leaf_2020_cabinet_200828_105909_ID813/leaf_2020_1000ms_80/leaf_2020_1000ms_80_000000/500.0_leaf_2020_1000ms_80_200828_105910_110.png",500,0
"G:/Shared drives/Leaf_cabinet_data/leaf_2020_cabinet_200828_105909_ID813/leaf_2020_1000ms_80/leaf_2020_1000ms_80_000000/505.1_leaf_2020_1000ms_80_200828_105911_109.png",505.1,0
"G:/Shared drives/Leaf_cabinet_data/leaf_2020_cabinet_200828_105909_ID813/leaf_2020_1000ms_80/leaf_2020_1000ms_80_000000/510.1_leaf_2020_1000ms_80_200828_105912_451.png",510.1,0.00687618602993585
"G:/Shared drives/Leaf_cabinet_data/leaf_2020_cabinet_200828_105909_ID813/leaf_2020_1000ms_80/leaf_2020_1000ms_80_000000/515.2_leaf_2020_1000ms_80_200828_105950_988.png",515.2,0.00681724019957234
"G:/Shared drives/Leaf_cabinet_data/leaf_2020_cabinet_200828_105909_ID813/leaf_2020_1000ms_80/leaf_2020_1000ms_80_000000/520.3_leaf_2020_1000ms_80_200828_105953_396.png",520.3,0.00683871703492516
"G:/Shared drives/Leaf_cabinet_data/leaf_2020_cabinet_200828_105909_ID813/leaf_2020_1000ms_80/leaf_2020_1000ms_80_000000/525.3_leaf_2020_1000ms_80_200828_105957_007.png",525.3,0.00710367783321454
"G:/Shared drives/Leaf_cabinet_data/leaf_2020_cabinet_200828_105909_ID813/leaf_2020_1000ms_80/leaf_2020_1000ms_80_000000/530.4_leaf_2020_1000ms_80_200828_105959_415.png",530.4,0.00686040555951532
"G:/Shared drives/Leaf_cabinet_data/leaf_2020_cabinet_200828_105909_ID813/leaf_2020_1000ms_80/leaf_2020_1000ms_80_000000/535.4_leaf_2020_1000ms_80_200828_110001_822.png",535.4,0.00686844975053457
"G:/Shared drives/Leaf_cabinet_data/leaf_2020_cabinet_200828_105909_ID813/leaf_2020_1000ms_80/leaf_2020_1000ms_80_000000/540.5_leaf_2020_1000ms_80_200828_110005_434.png",540.5,0.00661869565217391
"G:/Shared drives/Leaf_cabinet_data/leaf_2020_cabinet_200828_105909_ID813/leaf_2020_1000ms_80/leaf_2020_1000ms_80_000000/545.6_leaf_2020_1000ms_80_200828_110007_842.png",545.6,0.00662028937990021
"G:/Shared drives/Leaf_cabinet_data/leaf_2020_cabinet_200828_105909_ID813/leaf_2020_1000ms_80/leaf_2020_1000ms_80_000000/550.6_leaf_2020_1000ms_80_200828_110010_249.png",550.6,0.00662169779044904
"G:/Shared drives/Leaf_cabinet_data/leaf_2020_cabinet_200828_105909_ID813/leaf_2020_1000ms_80/leaf_2020_1000ms_80_000000/555.7_leaf_2020_1000ms_80_200828_110013_861.png",555.7,0.00662449607982894
"G:/Shared drives/Leaf_cabinet_data/leaf_2020_cabinet_200828_105909_ID813/leaf_2020_1000ms_80/leaf_2020_1000ms_80_000000/560.8_leaf_2020_1000ms_80_200828_110016_269.png",560.8,0.00662551532430506
"G:/Shared drives/Leaf_cabinet_data/leaf_2020_cabinet_200828_105909_ID813/leaf_2020_1000ms_80/leaf_2020_1000ms_80_000000/565.8_leaf_2020_1000ms_80_200828_110019_880.png",565.8,0.00662633071988596
"G:/Shared drives/Leaf_cabinet_data/leaf_2020_cabinet_200828_105909_ID813/leaf_2020_1000ms_80/leaf_2020_1000ms_80_000000/570.9_leaf_2020_1000ms_80_200828_110022_288.png",570.9,0.0066263863150392
"G:/Shared drives/Leaf_cabinet_data/leaf_2020_cabinet_200828_105909_ID813/leaf_2020_1000ms_80/leaf_2020_1000ms_80_000000/575.9_leaf_2020_1000ms_80_200828_110024_696.png",575.9,0.00662688667141839
"G:/Shared drives/Leaf_cabinet_data/leaf_2020_cabinet_200828_105909_ID813/leaf_2020_1000ms_80/leaf_2020_1000ms_80_000000/581.0_leaf_2020_1000ms_80_200828_110028_307.png",581,0.00662692373485388
"G:/Shared drives/Leaf_cabinet_data/leaf_2020_cabinet_200828_105909_ID813/leaf_2020_1000ms_80/leaf_2020_1000ms_80_000000/586.1_leaf_2020_1000ms_80_200828_110030_715.png",586.1,0.00662636778332145
"G:/Shared drives/Leaf_cabinet_data/leaf_2020_cabinet_200828_105909_ID813/leaf_2020_1000ms_80/leaf_2020_1000ms_80_000000/591.1_leaf_2020_1000ms_80_200828_110033_122.png",591.1,0.0068798039914469
"G:/Shared drives/Leaf_cabinet_data/leaf_2020_cabinet_200828_105909_ID813/leaf_2020_1000ms_80/leaf_2020_1000ms_80_000000/596.2_leaf_2020_1000ms_80_200828_110037_328.png",596.2,0.00713299501069138
"G:/Shared drives/Leaf_cabinet_data/leaf_2020_cabinet_200828_105909_ID813/leaf_2020_1000ms_80/leaf_2020_1000ms_80_000000/601.3_leaf_2020_1000ms_80_200828_110039_735.png",601.3,0.00713241625089095
"G:/Shared drives/Leaf_cabinet_data/leaf_2020_cabinet_200828_105909_ID813/leaf_2020_1000ms_80/leaf_2020_1000ms_80_000000/606.3_leaf_2020_1000ms_80_200828_105931_726.png",606.3,0.00560893371347113
"G:/Shared drives/Leaf_cabinet_data/leaf_2020_cabinet_200828_105909_ID813/leaf_2020_1000ms_80/leaf_2020_1000ms_80_000000/611.4_leaf_2020_1000ms_80_200828_105935_338.png",611.4,0.00560810263720599
"G:/Shared drives/Leaf_cabinet_data/leaf_2020_cabinet_200828_105909_ID813/leaf_2020_1000ms_80/leaf_2020_1000ms_80_000000/616.5_leaf_2020_1000ms_80_200828_105936_542.png",616.5,0.005861
"G:/Shared drives/Leaf_cabinet_data/leaf_2020_cabinet_200828_105909_ID813/leaf_2020_1000ms_80/leaf_2020_1000ms_80_000000/621.5_leaf_2020_1000ms_80_200828_105937_745.png",621.5,0.00611014682822523
"G:/Shared drives/Leaf_cabinet_data/leaf_2020_cabinet_200828_105909_ID813/leaf_2020_1000ms_80/leaf_2020_1000ms_80_000000/626.6_leaf_2020_1000ms_80_200828_105938_949.png",626.6,0.00660498218104063
"G:/Shared drives/Leaf_cabinet_data/leaf_2020_cabinet_200828_105909_ID813/leaf_2020_1000ms_80/leaf_2020_1000ms_80_000000/631.6_leaf_2020_1000ms_80_200828_105940_153.png",631.6,0.00754496792587313
"G:/Shared drives/Leaf_cabinet_data/leaf_2020_cabinet_200828_105909_ID813/leaf_2020_1000ms_80/leaf_2020_1000ms_80_000000/636.7_leaf_2020_1000ms_80_200828_105941_357.png",636.7,0.00872702423378475
"G:/Shared drives/Leaf_cabinet_data/leaf_2020_cabinet_200828_105909_ID813/leaf_2020_1000ms_80/leaf_2020_1000ms_80_000000/641.8_leaf_2020_1000ms_80_200828_105942_561.png",641.8,0.00863272630078403
"G:/Shared drives/Leaf_cabinet_data/leaf_2020_cabinet_200828_105909_ID813/leaf_2020_1000ms_80/leaf_2020_1000ms_80_000000/646.8_leaf_2020_1000ms_80_200828_105943_765.png",646.8,0.00768130506058446
"G:/Shared drives/Leaf_cabinet_data/leaf_2020_cabinet_200828_105909_ID813/leaf_2020_1000ms_80/leaf_2020_1000ms_80_000000/651.9_leaf_2020_1000ms_80_200828_105944_969.png",651.9,0.00625955096222381
"G:/Shared drives/Leaf_cabinet_data/leaf_2020_cabinet_200828_105909_ID813/leaf_2020_1000ms_80/leaf_2020_1000ms_80_000000/657.0_leaf_2020_1000ms_80_200828_105946_172.png",657,0.00552833499643621
"G:/Shared drives/Leaf_cabinet_data/leaf_2020_cabinet_200828_105909_ID813/leaf_2020_1000ms_80/leaf_2020_1000ms_80_000000/662.0_leaf_2020_1000ms_80_200828_105947_376.png",662,0.00502350677120456
"G:/Shared drives/Leaf_cabinet_data/leaf_2020_cabinet_200828_105909_ID813/leaf_2020_1000ms_80/leaf_2020_1000ms_80_000000/667.1_leaf_2020_1000ms_80_200828_105948_580.png",667.1,0.00501381325730577
"G:/Shared drives/Leaf_cabinet_data/leaf_2020_cabinet_200828_105909_ID813/leaf_2020_1000ms_80/leaf_2020_1000ms_80_000000/672.2_leaf_2020_1000ms_80_200828_105949_784.png",672.2,0.00499669280114041
"G:/Shared drives/Leaf_cabinet_data/leaf_2020_cabinet_200828_105909_ID813/leaf_2020_1000ms_80/leaf_2020_1000ms_80_000000/677.2_leaf_2020_1000ms_80_200828_105952_192.png",677.2,0.00521493014967926
"G:/Shared drives/Leaf_cabinet_data/leaf_2020_cabinet_200828_105909_ID813/leaf_2020_1000ms_80/leaf_2020_1000ms_80_000000/682.3_leaf_2020_1000ms_80_200828_105954_599.png",682.3,0.005163994297933
"G:/Shared drives/Leaf_cabinet_data/leaf_2020_cabinet_200828_105909_ID813/leaf_2020_1000ms_80/leaf_2020_1000ms_80_000000/687.3_leaf_2020_1000ms_80_200828_105955_803.png",687.3,0.00509955737704918
"G:/Shared drives/Leaf_cabinet_data/leaf_2020_cabinet_200828_105909_ID813/leaf_2020_1000ms_80/leaf_2020_1000ms_80_000000/692.4_leaf_2020_1000ms_80_200828_105958_211.png",692.4,0.00499904775481112
"G:/Shared drives/Leaf_cabinet_data/leaf_2020_cabinet_200828_105909_ID813/leaf_2020_1000ms_80/leaf_2020_1000ms_80_000000/697.5_leaf_2020_1000ms_80_200828_110000_619.png",697.5,0.00484020812544547
"G:/Shared drives/Leaf_cabinet_data/leaf_2020_cabinet_200828_105909_ID813/leaf_2020_1000ms_80/leaf_2020_1000ms_80_000000/702.5_leaf_2020_1000ms_80_200828_110003_026.png",702.5,0.00459500356379187
"G:/Shared drives/Leaf_cabinet_data/leaf_2020_cabinet_200828_105909_ID813/leaf_2020_1000ms_80/leaf_2020_1000ms_80_000000/707.6_leaf_2020_1000ms_80_200828_110004_230.png",707.6,0.00418019743406985
"G:/Shared drives/Leaf_cabinet_data/leaf_2020_cabinet_200828_105909_ID813/leaf_2020_1000ms_80/leaf_2020_1000ms_80_000000/712.7_leaf_2020_1000ms_80_200828_110006_638.png",712.7,0.00365902922309337
"G:/Shared drives/Leaf_cabinet_data/leaf_2020_cabinet_200828_105909_ID813/leaf_2020_1000ms_80/leaf_2020_1000ms_80_000000/717.7_leaf_2020_1000ms_80_200828_110009_046.png",717.7,0.00330216393442623
"G:/Shared drives/Leaf_cabinet_data/leaf_2020_cabinet_200828_105909_ID813/leaf_2020_1000ms_80/leaf_2020_1000ms_80_000000/722.8_leaf_2020_1000ms_80_200828_110011_453.png",722.8,0.0030173606557377
"G:/Shared drives/Leaf_cabinet_data/leaf_2020_cabinet_200828_105909_ID813/leaf_2020_1000ms_80/leaf_2020_1000ms_80_000000/727.8_leaf_2020_1000ms_80_200828_110012_657.png",727.8,0.00269313114754098
"G:/Shared drives/Leaf_cabinet_data/leaf_2020_cabinet_200828_105909_ID813/leaf_2020_1000ms_80/leaf_2020_1000ms_80_000000/732.9_leaf_2020_1000ms_80_200828_110015_065.png",732.9,0.00232202708481825
"G:/Shared drives/Leaf_cabinet_data/leaf_2020_cabinet_200828_105909_ID813/leaf_2020_1000ms_80/leaf_2020_1000ms_80_000000/738.0_leaf_2020_1000ms_80_200828_110017_472.png",738,0.00210306200997862
"G:/Shared drives/Leaf_cabinet_data/leaf_2020_cabinet_200828_105909_ID813/leaf_2020_1000ms_80/leaf_2020_1000ms_80_000000/743.0_leaf_2020_1000ms_80_200828_110018_676.png",743,0.00188012972202423
"G:/Shared drives/Leaf_cabinet_data/leaf_2020_cabinet_200828_105909_ID813/leaf_2020_1000ms_80/leaf_2020_1000ms_80_000000/748.1_leaf_2020_1000ms_80_200828_110021_084.png",748.1,0.00166114896650036
"G:/Shared drives/Leaf_cabinet_data/leaf_2020_cabinet_200828_105909_ID813/leaf_2020_1000ms_80/leaf_2020_1000ms_80_000000/753.2_leaf_2020_1000ms_80_200828_110023_492.png",753.2,0.00151560655737705
"G:/Shared drives/Leaf_cabinet_data/leaf_2020_cabinet_200828_105909_ID813/leaf_2020_1000ms_80/leaf_2020_1000ms_80_000000/758.2_leaf_2020_1000ms_80_200828_110025_899.png",758.2,0.0013275737704918
"G:/Shared drives/Leaf_cabinet_data/leaf_2020_cabinet_200828_105909_ID813/leaf_2020_1000ms_80/leaf_2020_1000ms_80_000000/763.3_leaf_2020_1000ms_80_200828_110027_103.png",763.3,0.00123032929436921
"G:/Shared drives/Leaf_cabinet_data/leaf_2020_cabinet_200828_105909_ID813/leaf_2020_1000ms_80/leaf_2020_1000ms_80_000000/768.4_leaf_2020_1000ms_80_200828_110029_511.png",768.4,0.0011539914468995
"G:/Shared drives/Leaf_cabinet_data/leaf_2020_cabinet_200828_105909_ID813/leaf_2020_1000ms_80/leaf_2020_1000ms_80_000000/773.4_leaf_2020_1000ms_80_200828_110031_919.png",773.4,0.00106375623663578
"G:/Shared drives/Leaf_cabinet_data/leaf_2020_cabinet_200828_105909_ID813/leaf_2020_1000ms_80/leaf_2020_1000ms_80_000000/778.5_leaf_2020_1000ms_80_200828_110034_122.png",778.5,0.00100454383464006
"G:/Shared drives/Leaf_cabinet_data/leaf_2020_cabinet_200828_105909_ID813/leaf_2020_1000ms_80/leaf_2020_1000ms_80_000000/783.5_leaf_2020_1000ms_80_200828_110035_325.png",783.5,0.000985816108339273
"G:/Shared drives/Leaf_cabinet_data/leaf_2020_cabinet_200828_105909_ID813/leaf_2020_1000ms_80/leaf_2020_1000ms_80_000000/788.6_leaf_2020_1000ms_80_200828_110038_531.png",788.6,0.00100892729864576
"G:/Shared drives/Leaf_cabinet_data/leaf_2020_cabinet_200828_105909_ID813/leaf_2020_1000ms_80/leaf_2020_1000ms_80_000000/793.7_leaf_2020_1000ms_80_200828_110040_939.png",793.7,0.00102749465431219
"G:/Shared drives/Leaf_cabinet_data/leaf_2020_cabinet_200828_105909_ID813/leaf_2020_1000ms_80/leaf_2020_1000ms_80_000000/798.7_leaf_2020_1000ms_80_200828_110042_143.png",798.7,0.00107708196721311
"G:/Shared drives/Leaf_cabinet_data/leaf_2020_cabinet_200828_105909_ID813/leaf_2020_1000ms_80/leaf_2020_1000ms_80_000000/803.8_leaf_2020_1000ms_80_200828_110043_347.png",803.8,0.00117548111190306
"G:/Shared drives/Leaf_cabinet_data/leaf_2020_cabinet_200828_105909_ID813/leaf_2020_1000ms_80/leaf_2020_1000ms_80_000000/808.9_leaf_2020_1000ms_80_200828_110044_551.png",808.9,0.00128063007840342
"G:/Shared drives/Leaf_cabinet_data/leaf_2020_cabinet_200828_105909_ID813/leaf_2020_1000ms_80/leaf_2020_1000ms_80_000000/813.9_leaf_2020_1000ms_80_200828_110045_754.png",813.9,0.00150100498930862
"G:/Shared drives/Leaf_cabinet_data/leaf_2020_cabinet_200828_105909_ID813/leaf_2020_1000ms_80/leaf_2020_1000ms_80_000000/819.0_leaf_2020_1000ms_80_200828_105913_669.png",819,0.000470749821810406
"G:/Shared drives/Leaf_cabinet_data/leaf_2020_cabinet_200828_105909_ID813/leaf_2020_1000ms_80/leaf_2020_1000ms_80_000000/824.1_leaf_2020_1000ms_80_200828_105914_872.png",824.1,0.000453783321454027
"G:/Shared drives/Leaf_cabinet_data/leaf_2020_cabinet_200828_105909_ID813/leaf_2020_1000ms_80/leaf_2020_1000ms_80_000000/829.1_leaf_2020_1000ms_80_200828_105916_076.png",829.1,0.000443434069850321
"G:/Shared drives/Leaf_cabinet_data/leaf_2020_cabinet_200828_105909_ID813/leaf_2020_1000ms_80/leaf_2020_1000ms_80_000000/834.2_leaf_2020_1000ms_80_200828_105917_280.png",834.2,0.000436440484675695
"G:/Shared drives/Leaf_cabinet_data/leaf_2020_cabinet_200828_105909_ID813/leaf_2020_1000ms_80/leaf_2020_1000ms_80_000000/839.2_leaf_2020_1000ms_80_200828_105918_484.png",839.2,0.000447311475409836
"G:/Shared drives/Leaf_cabinet_data/leaf_2020_cabinet_200828_105909_ID813/leaf_2020_1000ms_80/leaf_2020_1000ms_80_000000/844.3_leaf_2020_1000ms_80_200828_105919_688.png",844.3,0.00046616108339273
"G:/Shared drives/Leaf_cabinet_data/leaf_2020_cabinet_200828_105909_ID813/leaf_2020_1000ms_80/leaf_2020_1000ms_80_000000/849.4_leaf_2020_1000ms_80_200828_105920_892.png",849.4,0.000500133998574483
"G:/Shared drives/Leaf_cabinet_data/leaf_2020_cabinet_200828_105909_ID813/leaf_2020_1000ms_80/leaf_2020_1000ms_80_000000/854.4_leaf_2020_1000ms_80_200828_105922_095.png",854.4,0.000524989308624376
"G:/Shared drives/Leaf_cabinet_data/leaf_2020_cabinet_200828_105909_ID813/leaf_2020_1000ms_80/leaf_2020_1000ms_80_000000/859.5_leaf_2020_1000ms_80_200828_105923_299.png",859.5,0.000558203848895224
"G:/Shared drives/Leaf_cabinet_data/leaf_2020_cabinet_200828_105909_ID813/leaf_2020_1000ms_80/leaf_2020_1000ms_80_000000/864.6_leaf_2020_1000ms_80_200828_105924_503.png",864.6,0.000598210263720599
"G:/Shared drives/Leaf_cabinet_data/leaf_2020_cabinet_200828_105909_ID813/leaf_2020_1000ms_80/leaf_2020_1000ms_80_000000/869.6_leaf_2020_1000ms_80_200828_105925_707.png",869.6,0.00067015680684248
"G:/Shared drives/Leaf_cabinet_data/leaf_2020_cabinet_200828_105909_ID813/leaf_2020_1000ms_80/leaf_2020_1000ms_80_000000/874.7_leaf_2020_1000ms_80_200828_105926_911.png",874.7,0.000772878831076265
"G:/Shared drives/Leaf_cabinet_data/leaf_2020_cabinet_200828_105909_ID813/leaf_2020_1000ms_80/leaf_2020_1000ms_80_000000/879.7_leaf_2020_1000ms_80_200828_105928_115.png",879.7,0.000925970064148254
"G:/Shared drives/Leaf_cabinet_data/leaf_2020_cabinet_200828_105909_ID813/leaf_2020_1000ms_80/leaf_2020_1000ms_80_000000/884.8_leaf_2020_1000ms_80_200828_105929_319.png",884.8,0.00108780042765502
"G:/Shared drives/Leaf_cabinet_data/leaf_2020_cabinet_200828_105909_ID813/leaf_2020_1000ms_80/leaf_2020_1000ms_80_000000/889.9_leaf_2020_1000ms_80_200828_105930_522.png",889.9,0.00121667213114754
"G:/Shared drives/Leaf_cabinet_data/leaf_2020_cabinet_200828_105909_ID813/leaf_2020_1000ms_80/leaf_2020_1000ms_80_000000/894.9_leaf_2020_1000ms_80_200828_105932_930.png",894.9,0.00139729579472559
"G:/Shared drives/Leaf_cabinet_data/leaf_2020_cabinet_200828_105909_ID813/leaf_2020_1000ms_80/leaf_2020_1000ms_80_000000/900.0_leaf_2020_1000ms_80_200828_105934_134.png",900,0.00161768353528154
"fileID","band","rad_avg"
"G:/Shared drives/Leaf_cabinet_data/leaf_2020_cabinet_200828_110333_ID813/leaf_2020_1000ms_80/leaf_2020_1000ms_80_000000/500.0_leaf_2020_1000ms_80_200828_110333_731.png",500,0
"G:/Shared drives/Leaf_cabinet_data/leaf_2020_cabinet_200828_110333_ID813/leaf_2020_1000ms_80/leaf_2020_1000ms_80_000000/505.1_leaf_2020_1000ms_80_200828_110334_730.png",505.1,0
"G:/Shared drives/Leaf_cabinet_data/leaf_2020_cabinet_200828_110333_ID813/leaf_2020_1000ms_80/leaf_2020_1000ms_80_000000/510.1_leaf_2020_1000ms_80_200828_110336_072.png",510.1,0.00685521238938053
"G:/Shared drives/Leaf_cabinet_data/leaf_2020_cabinet_200828_110333_ID813/leaf_2020_1000ms_80/leaf_2020_1000ms_80_000000/515.2_leaf_2020_1000ms_80_200828_110414_613.png",515.2,0.00672207079646018
"G:/Shared drives/Leaf_cabinet_data/leaf_2020_cabinet_200828_110333_ID813/leaf_2020_1000ms_80/leaf_2020_1000ms_80_000000/520.3_leaf_2020_1000ms_80_200828_110417_021.png",520.3,0.00676983185840708
"G:/Shared drives/Leaf_cabinet_data/leaf_2020_cabinet_200828_110333_ID813/leaf_2020_1000ms_80/leaf_2020_1000ms_80_000000/525.3_leaf_2020_1000ms_80_200828_110420_632.png",525.3,0.00705356342182891
"G:/Shared drives/Leaf_cabinet_data/leaf_2020_cabinet_200828_110333_ID813/leaf_2020_1000ms_80/leaf_2020_1000ms_80_000000/530.4_leaf_2020_1000ms_80_200828_110423_040.png",530.4,0.00682608849557522
"G:/Shared drives/Leaf_cabinet_data/leaf_2020_cabinet_200828_110333_ID813/leaf_2020_1000ms_80/leaf_2020_1000ms_80_000000/535.4_leaf_2020_1000ms_80_200828_110425_448.png",535.4,0.00684066371681416
"G:/Shared drives/Leaf_cabinet_data/leaf_2020_cabinet_200828_110333_ID813/leaf_2020_1000ms_80/leaf_2020_1000ms_80_000000/540.5_leaf_2020_1000ms_80_200828_110429_059.png",540.5,0.00659487315634218
"G:/Shared drives/Leaf_cabinet_data/leaf_2020_cabinet_200828_110333_ID813/leaf_2020_1000ms_80/leaf_2020_1000ms_80_000000/545.6_leaf_2020_1000ms_80_200828_110431_467.png",545.6,0.00659979449360865
"G:/Shared drives/Leaf_cabinet_data/leaf_2020_cabinet_200828_110333_ID813/leaf_2020_1000ms_80/leaf_2020_1000ms_80_000000/550.6_leaf_2020_1000ms_80_200828_110433_875.png",550.6,0.00660256833824975
"G:/Shared drives/Leaf_cabinet_data/leaf_2020_cabinet_200828_110333_ID813/leaf_2020_1000ms_80/leaf_2020_1000ms_80_000000/555.7_leaf_2020_1000ms_80_200828_110437_486.png",555.7,0.00660631366764995
"G:/Shared drives/Leaf_cabinet_data/leaf_2020_cabinet_200828_110333_ID813/leaf_2020_1000ms_80/leaf_2020_1000ms_80_000000/560.8_leaf_2020_1000ms_80_200828_110439_894.png",560.8,0.00661002064896755
"G:/Shared drives/Leaf_cabinet_data/leaf_2020_cabinet_200828_110333_ID813/leaf_2020_1000ms_80/leaf_2020_1000ms_80_000000/565.8_leaf_2020_1000ms_80_200828_110443_505.png",565.8,0.00661156735496558
"G:/Shared drives/Leaf_cabinet_data/leaf_2020_cabinet_200828_110333_ID813/leaf_2020_1000ms_80/leaf_2020_1000ms_80_000000/570.9_leaf_2020_1000ms_80_200828_110445_913.png",570.9,0.00661158013765978
"G:/Shared drives/Leaf_cabinet_data/leaf_2020_cabinet_200828_110333_ID813/leaf_2020_1000ms_80/leaf_2020_1000ms_80_000000/575.9_leaf_2020_1000ms_80_200828_110448_321.png",575.9,0.00661152900688299
"G:/Shared drives/Leaf_cabinet_data/leaf_2020_cabinet_200828_110333_ID813/leaf_2020_1000ms_80/leaf_2020_1000ms_80_000000/581.0_leaf_2020_1000ms_80_200828_110451_936.png",581,0.00661269223205506
"G:/Shared drives/Leaf_cabinet_data/leaf_2020_cabinet_200828_110333_ID813/leaf_2020_1000ms_80/leaf_2020_1000ms_80_000000/586.1_leaf_2020_1000ms_80_200828_110454_344.png",586.1,0.00661037856440511
"G:/Shared drives/Leaf_cabinet_data/leaf_2020_cabinet_200828_110333_ID813/leaf_2020_1000ms_80/leaf_2020_1000ms_80_000000/591.1_leaf_2020_1000ms_80_200828_110456_752.png",591.1,0.00685737610619469
"G:/Shared drives/Leaf_cabinet_data/leaf_2020_cabinet_200828_110333_ID813/leaf_2020_1000ms_80/leaf_2020_1000ms_80_000000/596.2_leaf_2020_1000ms_80_200828_110500_957.png",596.2,0.00710455260570305
"G:/Shared drives/Leaf_cabinet_data/leaf_2020_cabinet_200828_110333_ID813/leaf_2020_1000ms_80/leaf_2020_1000ms_80_000000/601.3_leaf_2020_1000ms_80_200828_110503_365.png",601.3,0.00709983087512291
"G:/Shared drives/Leaf_cabinet_data/leaf_2020_cabinet_200828_110333_ID813/leaf_2020_1000ms_80/leaf_2020_1000ms_80_000000/606.3_leaf_2020_1000ms_80_200828_110355_352.png",606.3,0.00560515437561455
"G:/Shared drives/Leaf_cabinet_data/leaf_2020_cabinet_200828_110333_ID813/leaf_2020_1000ms_80/leaf_2020_1000ms_80_000000/611.4_leaf_2020_1000ms_80_200828_110358_963.png",611.4,0.0056008279252704
"G:/Shared drives/Leaf_cabinet_data/leaf_2020_cabinet_200828_110333_ID813/leaf_2020_1000ms_80/leaf_2020_1000ms_80_000000/616.5_leaf_2020_1000ms_80_200828_110400_167.png",616.5,0.00584419370698132
"G:/Shared drives/Leaf_cabinet_data/leaf_2020_cabinet_200828_110333_ID813/leaf_2020_1000ms_80/leaf_2020_1000ms_80_000000/621.5_leaf_2020_1000ms_80_200828_110401_371.png",621.5,0.006075598820059
"G:/Shared drives/Leaf_cabinet_data/leaf_2020_cabinet_200828_110333_ID813/leaf_2020_1000ms_80/leaf_2020_1000ms_80_000000/626.6_leaf_2020_1000ms_80_200828_110402_575.png",626.6,0.00654383185840708
"G:/Shared drives/Leaf_cabinet_data/leaf_2020_cabinet_200828_110333_ID813/leaf_2020_1000ms_80/leaf_2020_1000ms_80_000000/631.6_leaf_2020_1000ms_80_200828_110403_779.png",631.6,0.00744933628318584
"G:/Shared drives/Leaf_cabinet_data/leaf_2020_cabinet_200828_110333_ID813/leaf_2020_1000ms_80/leaf_2020_1000ms_80_000000/636.7_leaf_2020_1000ms_80_200828_110404_982.png",636.7,0.00858541052114061
"G:/Shared drives/Leaf_cabinet_data/leaf_2020_cabinet_200828_110333_ID813/leaf_2020_1000ms_80/leaf_2020_1000ms_80_000000/641.8_leaf_2020_1000ms_80_200828_110406_186.png",641.8,0.00830998770894788
"G:/Shared drives/Leaf_cabinet_data/leaf_2020_cabinet_200828_110333_ID813/leaf_2020_1000ms_80/leaf_2020_1000ms_80_000000/646.8_leaf_2020_1000ms_80_200828_110407_390.png",646.8,0.00742754818092429
"G:/Shared drives/Leaf_cabinet_data/leaf_2020_cabinet_200828_110333_ID813/leaf_2020_1000ms_80/leaf_2020_1000ms_80_000000/651.9_leaf_2020_1000ms_80_200828_110408_594.png",651.9,0.00609021632251721
"G:/Shared drives/Leaf_cabinet_data/leaf_2020_cabinet_200828_110333_ID813/leaf_2020_1000ms_80/leaf_2020_1000ms_80_000000/657.0_leaf_2020_1000ms_80_200828_110409_798.png",657,0.00539144936086529
"G:/Shared drives/Leaf_cabinet_data/leaf_2020_cabinet_200828_110333_ID813/leaf_2020_1000ms_80/leaf_2020_1000ms_80_000000/662.0_leaf_2020_1000ms_80_200828_110411_002.png",662,0.00489671583087512
"G:/Shared drives/Leaf_cabinet_data/leaf_2020_cabinet_200828_110333_ID813/leaf_2020_1000ms_80/leaf_2020_1000ms_80_000000/667.1_leaf_2020_1000ms_80_200828_110412_205.png",667.1,0.00487916420845624
"G:/Shared drives/Leaf_cabinet_data/leaf_2020_cabinet_200828_110333_ID813/leaf_2020_1000ms_80/leaf_2020_1000ms_80_000000/672.2_leaf_2020_1000ms_80_200828_110413_409.png",672.2,0.00484592920353982
"G:/Shared drives/Leaf_cabinet_data/leaf_2020_cabinet_200828_110333_ID813/leaf_2020_1000ms_80/leaf_2020_1000ms_80_000000/677.2_leaf_2020_1000ms_80_200828_110415_817.png",677.2,0.00503203982300885
"G:/Shared drives/Leaf_cabinet_data/leaf_2020_cabinet_200828_110333_ID813/leaf_2020_1000ms_80/leaf_2020_1000ms_80_000000/682.3_leaf_2020_1000ms_80_200828_110418_225.png",682.3,0.00494083333333333
"G:/Shared drives/Leaf_cabinet_data/leaf_2020_cabinet_200828_110333_ID813/leaf_2020_1000ms_80/leaf_2020_1000ms_80_000000/687.3_leaf_2020_1000ms_80_200828_110419_429.png",687.3,0.00484051032448378
"G:/Shared drives/Leaf_cabinet_data/leaf_2020_cabinet_200828_110333_ID813/leaf_2020_1000ms_80/leaf_2020_1000ms_80_000000/692.4_leaf_2020_1000ms_80_200828_110421_836.png",692.4,0.0047056209439528
"G:/Shared drives/Leaf_cabinet_data/leaf_2020_cabinet_200828_110333_ID813/leaf_2020_1000ms_80/leaf_2020_1000ms_80_000000/697.5_leaf_2020_1000ms_80_200828_110424_244.png",697.5,0.00452733775811209
"G:/Shared drives/Leaf_cabinet_data/leaf_2020_cabinet_200828_110333_ID813/leaf_2020_1000ms_80/leaf_2020_1000ms_80_000000/702.5_leaf_2020_1000ms_80_200828_110426_652.png",702.5,0.00428795427728614
"G:/Shared drives/Leaf_cabinet_data/leaf_2020_cabinet_200828_110333_ID813/leaf_2020_1000ms_80/leaf_2020_1000ms_80_000000/707.6_leaf_2020_1000ms_80_200828_110427_855.png",707.6,0.00392099115044248
"G:/Shared drives/Leaf_cabinet_data/leaf_2020_cabinet_200828_110333_ID813/leaf_2020_1000ms_80/leaf_2020_1000ms_80_000000/712.7_leaf_2020_1000ms_80_200828_110430_263.png",712.7,0.00344642625368732
"G:/Shared drives/Leaf_cabinet_data/leaf_2020_cabinet_200828_110333_ID813/leaf_2020_1000ms_80/leaf_2020_1000ms_80_000000/717.7_leaf_2020_1000ms_80_200828_110432_671.png",717.7,0.003115866273353
"G:/Shared drives/Leaf_cabinet_data/leaf_2020_cabinet_200828_110333_ID813/leaf_2020_1000ms_80/leaf_2020_1000ms_80_000000/722.8_leaf_2020_1000ms_80_200828_110435_079.png",722.8,0.00286493608652901
"G:/Shared drives/Leaf_cabinet_data/leaf_2020_cabinet_200828_110333_ID813/leaf_2020_1000ms_80/leaf_2020_1000ms_80_000000/727.8_leaf_2020_1000ms_80_200828_110436_282.png",727.8,0.00255798672566372
"G:/Shared drives/Leaf_cabinet_data/leaf_2020_cabinet_200828_110333_ID813/leaf_2020_1000ms_80/leaf_2020_1000ms_80_000000/732.9_leaf_2020_1000ms_80_200828_110438_690.png",732.9,0.00222075614552606
"G:/Shared drives/Leaf_cabinet_data/leaf_2020_cabinet_200828_110333_ID813/leaf_2020_1000ms_80/leaf_2020_1000ms_80_000000/738.0_leaf_2020_1000ms_80_200828_110441_098.png",738,0.0020221720747296
"G:/Shared drives/Leaf_cabinet_data/leaf_2020_cabinet_200828_110333_ID813/leaf_2020_1000ms_80/leaf_2020_1000ms_80_000000/743.0_leaf_2020_1000ms_80_200828_110442_302.png",743,0.00181521632251721
"G:/Shared drives/Leaf_cabinet_data/leaf_2020_cabinet_200828_110333_ID813/leaf_2020_1000ms_80/leaf_2020_1000ms_80_000000/748.1_leaf_2020_1000ms_80_200828_110444_709.png",748.1,0.00160676794493609
"G:/Shared drives/Leaf_cabinet_data/leaf_2020_cabinet_200828_110333_ID813/leaf_2020_1000ms_80/leaf_2020_1000ms_80_000000/753.2_leaf_2020_1000ms_80_200828_110447_117.png",753.2,0.00147559587020649
"G:/Shared drives/Leaf_cabinet_data/leaf_2020_cabinet_200828_110333_ID813/leaf_2020_1000ms_80/leaf_2020_1000ms_80_000000/758.2_leaf_2020_1000ms_80_200828_110449_525.png",758.2,0.00129309980334317
"G:/Shared drives/Leaf_cabinet_data/leaf_2020_cabinet_200828_110333_ID813/leaf_2020_1000ms_80/leaf_2020_1000ms_80_000000/763.3_leaf_2020_1000ms_80_200828_110450_729.png",763.3,0.00119615339233038
"G:/Shared drives/Leaf_cabinet_data/leaf_2020_cabinet_200828_110333_ID813/leaf_2020_1000ms_80/leaf_2020_1000ms_80_000000/768.4_leaf_2020_1000ms_80_200828_110453_140.png",768.4,0.00111934611602753
"G:/Shared drives/Leaf_cabinet_data/leaf_2020_cabinet_200828_110333_ID813/leaf_2020_1000ms_80/leaf_2020_1000ms_80_000000/773.4_leaf_2020_1000ms_80_200828_110455_548.png",773.4,0.00102836774827925
"G:/Shared drives/Leaf_cabinet_data/leaf_2020_cabinet_200828_110333_ID813/leaf_2020_1000ms_80/leaf_2020_1000ms_80_000000/778.5_leaf_2020_1000ms_80_200828_110457_751.png",778.5,0.000963888888888889
"G:/Shared drives/Leaf_cabinet_data/leaf_2020_cabinet_200828_110333_ID813/leaf_2020_1000ms_80/leaf_2020_1000ms_80_000000/783.5_leaf_2020_1000ms_80_200828_110458_955.png",783.5,0.000955506391347099
"G:/Shared drives/Leaf_cabinet_data/leaf_2020_cabinet_200828_110333_ID813/leaf_2020_1000ms_80/leaf_2020_1000ms_80_000000/788.6_leaf_2020_1000ms_80_200828_110502_161.png",788.6,0.000971828908554572
"G:/Shared drives/Leaf_cabinet_data/leaf_2020_cabinet_200828_110333_ID813/leaf_2020_1000ms_80/leaf_2020_1000ms_80_000000/793.7_leaf_2020_1000ms_80_200828_110504_568.png",793.7,0.000978847099311701
"G:/Shared drives/Leaf_cabinet_data/leaf_2020_cabinet_200828_110333_ID813/leaf_2020_1000ms_80/leaf_2020_1000ms_80_000000/798.7_leaf_2020_1000ms_80_200828_110505_772.png",798.7,0.00102963323500492
"G:/Shared drives/Leaf_cabinet_data/leaf_2020_cabinet_200828_110333_ID813/leaf_2020_1000ms_80/leaf_2020_1000ms_80_000000/803.8_leaf_2020_1000ms_80_200828_110506_976.png",803.8,0.00112279449360865
"G:/Shared drives/Leaf_cabinet_data/leaf_2020_cabinet_200828_110333_ID813/leaf_2020_1000ms_80/leaf_2020_1000ms_80_000000/808.9_leaf_2020_1000ms_80_200828_110508_180.png",808.9,0.00120636578171091
"G:/Shared drives/Leaf_cabinet_data/leaf_2020_cabinet_200828_110333_ID813/leaf_2020_1000ms_80/leaf_2020_1000ms_80_000000/813.9_leaf_2020_1000ms_80_200828_110509_384.png",813.9,0.00140271386430678
"G:/Shared drives/Leaf_cabinet_data/leaf_2020_cabinet_200828_110333_ID813/leaf_2020_1000ms_80/leaf_2020_1000ms_80_000000/819.0_leaf_2020_1000ms_80_200828_110337_290.png",819,0.000448523107177974
"G:/Shared drives/Leaf_cabinet_data/leaf_2020_cabinet_200828_110333_ID813/leaf_2020_1000ms_80/leaf_2020_1000ms_80_000000/824.1_leaf_2020_1000ms_80_200828_110338_494.png",824.1,0.000440789577187807
"G:/Shared drives/Leaf_cabinet_data/leaf_2020_cabinet_200828_110333_ID813/leaf_2020_1000ms_80/leaf_2020_1000ms_80_000000/829.1_leaf_2020_1000ms_80_200828_110339_698.png",829.1,0.000425949852507375
"G:/Shared drives/Leaf_cabinet_data/leaf_2020_cabinet_200828_110333_ID813/leaf_2020_1000ms_80/leaf_2020_1000ms_80_000000/834.2_leaf_2020_1000ms_80_200828_110340_901.png",834.2,0.000417945919370698
"G:/Shared drives/Leaf_cabinet_data/leaf_2020_cabinet_200828_110333_ID813/leaf_2020_1000ms_80/leaf_2020_1000ms_80_000000/839.2_leaf_2020_1000ms_80_200828_110342_105.png",839.2,0.000435801376597837
"G:/Shared drives/Leaf_cabinet_data/leaf_2020_cabinet_200828_110333_ID813/leaf_2020_1000ms_80/leaf_2020_1000ms_80_000000/844.3_leaf_2020_1000ms_80_200828_110343_309.png",844.3,0.000451115044247788
"G:/Shared drives/Leaf_cabinet_data/leaf_2020_cabinet_200828_110333_ID813/leaf_2020_1000ms_80/leaf_2020_1000ms_80_000000/849.4_leaf_2020_1000ms_80_200828_110344_513.png",849.4,0.000487007866273353
"G:/Shared drives/Leaf_cabinet_data/leaf_2020_cabinet_200828_110333_ID813/leaf_2020_1000ms_80/leaf_2020_1000ms_80_000000/854.4_leaf_2020_1000ms_80_200828_110345_717.png",854.4,0.000509402654867257
"G:/Shared drives/Leaf_cabinet_data/leaf_2020_cabinet_200828_110333_ID813/leaf_2020_1000ms_80/leaf_2020_1000ms_80_000000/859.5_leaf_2020_1000ms_80_200828_110346_921.png",859.5,0.000544100294985251
"G:/Shared drives/Leaf_cabinet_data/leaf_2020_cabinet_200828_110333_ID813/leaf_2020_1000ms_80/leaf_2020_1000ms_80_000000/864.6_leaf_2020_1000ms_80_200828_110348_125.png",864.6,0.000588155358898722
"G:/Shared drives/Leaf_cabinet_data/leaf_2020_cabinet_200828_110333_ID813/leaf_2020_1000ms_80/leaf_2020_1000ms_80_000000/869.6_leaf_2020_1000ms_80_200828_110349_328.png",869.6,0.000646061946902655
"G:/Shared drives/Leaf_cabinet_data/leaf_2020_cabinet_200828_110333_ID813/leaf_2020_1000ms_80/leaf_2020_1000ms_80_000000/874.7_leaf_2020_1000ms_80_200828_110350_532.png",874.7,0.000738985742379548
"G:/Shared drives/Leaf_cabinet_data/leaf_2020_cabinet_200828_110333_ID813/leaf_2020_1000ms_80/leaf_2020_1000ms_80_000000/879.7_leaf_2020_1000ms_80_200828_110351_736.png",879.7,0.00088180924287119
"G:/Shared drives/Leaf_cabinet_data/leaf_2020_cabinet_200828_110333_ID813/leaf_2020_1000ms_80/leaf_2020_1000ms_80_000000/884.8_leaf_2020_1000ms_80_200828_110352_944.png",884.8,0.00104503244837758
"G:/Shared drives/Leaf_cabinet_data/leaf_2020_cabinet_200828_110333_ID813/leaf_2020_1000ms_80/leaf_2020_1000ms_80_000000/889.9_leaf_2020_1000ms_80_200828_110354_148.png",889.9,0.00115209587020649
"G:/Shared drives/Leaf_cabinet_data/leaf_2020_cabinet_200828_110333_ID813/leaf_2020_1000ms_80/leaf_2020_1000ms_80_000000/894.9_leaf_2020_1000ms_80_200828_110356_555.png",894.9,0.00132287413962635
"G:/Shared drives/Leaf_cabinet_data/leaf_2020_cabinet_200828_110333_ID813/leaf_2020_1000ms_80/leaf_2020_1000ms_80_000000/900.0_leaf_2020_1000ms_80_200828_110357_759.png",900,0.00153568092428712
